id,question_id,chapter,question,answer_id,generated_answer,synthetic_answer,difficulty,answer_quality,ai_score,human_score,scheme,evaltion_criteria,synthetic_answer_clean,generated_answer_clean,question_clean
1,Q1,E-commerce,Evaluate the concept of 'ubiquity' as a feature of e-commerce and assess its impact on consumer behaviour and business operations.,A1-0,Ubiquity means the internet is everywhere. It is a good thing for business.,Ubiquity means the internrt is everywhere and is for good busses.,Medium,No understanding or irrelevant,0.0,,"• Ubiquity Defined: E-commerce is available anywhere, anytime via internet-connected devices, removing geographical and time constraints on commerce.
• Impact on Consumer Behaviour: Consumers can shop 24/7 from any location, reducing search time and effort; lowers transaction costs and increases bargaining power.
• Impact on Business Operations: Businesses must maintain always-on digital infrastructure; inventory and fulfilment systems must respond to continuous, unpredictable demand.
• Marketspace Concept: Ubiquity transforms the traditional marketplace into a 'marketspace', eliminating geographic and temporal constraints on commerce.
• Critical Evaluation: While ubiquity democratises access, the digital divide excludes populations without reliable internet; always-on expectations place significant operational pressure on businesses.",,ubiquity means the internrt is everywhere and is for good busses.,ubiquity means the internet is everywhere. it is a good thing for business.,evaluate the concept of 'ubiquity' as a feature of e-commerce and assess its impact on consumer behaviour and business operations.
2,Q1,E-commerce,Evaluate the concept of 'ubiquity' as a feature of e-commerce and assess its impact on consumer behaviour and business operations.,A1-1,Ubiquity means the internet is everywhere. It is a good thing for business.,Ubiquity means that enternet the is everywhere and is a good thing for bussenes.,Medium,No understanding or irrelevant,0.5,,"• Ubiquity Defined: E-commerce is available anywhere, anytime via internet-connected devices, removing geographical and time constraints on commerce.
• Impact on Consumer Behaviour: Consumers can shop 24/7 from any location, reducing search time and effort; lowers transaction costs and increases bargaining power.
• Impact on Business Operations: Businesses must maintain always-on digital infrastructure; inventory and fulfilment systems must respond to continuous, unpredictable demand.
• Marketspace Concept: Ubiquity transforms the traditional marketplace into a 'marketspace', eliminating geographic and temporal constraints on commerce.
• Critical Evaluation: While ubiquity democratises access, the digital divide excludes populations without reliable internet; always-on expectations place significant operational pressure on businesses.",,ubiquity means that enternet the is everywhere and is a good thing for bussenes.,ubiquity means the internet is everywhere. it is a good thing for business.,evaluate the concept of 'ubiquity' as a feature of e-commerce and assess its impact on consumer behaviour and business operations.
23,Q2,E-commerce,Critically evaluate how digital markets reduce information asymmetry and what implications this has for both consumers and businesses.,A2-10,"Information asymmetry — where one party holds more transaction-relevant information than the other — is dramatically reduced in digital markets. Consumers benefit from price transparency (easily comparing prices across vendors) and cost transparency (discovering actual merchant costs). This empowers consumer decision-making and drives competitive pricing among businesses. However, the reduction in asymmetry is not entirely one-sided: businesses leverage big data and analytics to practice price discrimination (charging different groups different prices) and dynamic pricing, sometimes exploiting information advantages. Critically, digital markets may create new asymmetries — platforms like Amazon or Google accumulate vast consumer data, creating powerful informational advantages over both consumers and smaller competitors. This raises ethical and regulatory concerns about data privacy and market fairness.","Informations asymmetry – in which one party holds more transaccion - relevant infos than the other – bigly is reduced in digital markets. Consumers benefit fom pricelist transparency (easy comparison of prices between suppliers) and cost transparency (of discovers the merchant ' S true costs ), which enables consumers to make s ' decisions and promotes price competitiveness between businesses. Importantly, digital markets con create new asymmetries: platforms like Amazin or Google accumulate vast consumer data, creating powerful informational advantages over consumers and smaller competitors.",Hard,"Excellent, well-structured and critical evaluation",4.8,,"• Information Asymmetry Defined: Traditional markets favour sellers who hold more product/price information than buyers; digital markets narrow this gap significantly.
• Consumer Benefit: Price transparency and cost transparency empower consumers to compare prices and discover merchant costs, increasing their bargaining power.
• Business Implication: Firms can no longer rely on information advantages; must compete on quality, service, and differentiation rather than price obscurity.
• New Asymmetries: Businesses leverage big data to practise dynamic pricing and price discrimination, sometimes exploiting information advantages over consumers.
• Critical Evaluation: Digital platforms like Amazon or Google accumulate vast consumer data, creating powerful new informational asymmetries that raise ethical and regulatory concerns.",,informations asymmetry in which one party holds more transaccion - relevant infos than the other bigly is reduced in digital markets. consumers benefit fom pricelist transparency easy comparison of prices between suppliers and cost transparency of discovers the merchant ' s true costs which enables consumers to make s ' decisions and promotes price competitiveness between businesses. importantly digital markets con create new asymmetries platforms like amazin or google accumulate vast consumer data creating powerful informational advantages over consumers and smaller competitors.,information asymmetry where one party holds more transaction-relevant information than the other is dramatically reduced in digital markets. consumers benefit from price transparency easily comparing prices across vendors and cost transparency discovering actual merchant costs . this empowers consumer decision-making and drives competitive pricing among businesses. however the reduction in asymmetry is not entirely one-sided businesses leverage big data and analytics to practice price discrimination charging different groups different prices and dynamic pricing sometimes exploiting information advantages. critically digital markets may create new asymmetries platforms like amazon or google accumulate vast consumer data creating powerful informational advantages over both consumers and smaller competitors. this raises ethical and regulatory concerns about data privacy and market fairness.,critically evaluate how digital markets reduce information asymmetry and what implications this has for both consumers and businesses.
24,Q2,E-commerce,Critically evaluate how digital markets reduce information asymmetry and what implications this has for both consumers and businesses.,A2-11,"Information asymmetry — where one party holds more transaction-relevant information than the other — is dramatically reduced in digital markets. Consumers benefit from price transparency (easily comparing prices across vendors) and cost transparency (discovering actual merchant costs). This empowers consumer decision-making and drives competitive pricing among businesses. However, the reduction in asymmetry is not entirely one-sided: businesses leverage big data and analytics to practice price discrimination (charging different groups different prices) and dynamic pricing, sometimes exploiting information advantages. Critically, digital markets may create new asymmetries — platforms like Amazon or Google accumulate vast consumer data, creating powerful informational advantages over both consumers and smaller competitors. This raises ethical and regulatory concerns about data privacy and market fairness.","Information asymmetry — whrere ony party holds more transaction - relevant information than the other — is dramaticlly reduced in digital markets. Consumers benefit frem price transparency (easily comparing prices across) vendors and cost transparency (discovering actual merchante costs ), which empowers cosumer dission - end making drives competitive pricing among businesses. Critically, digital markets may create new asymmetries — platforms like Amazon or Google accumulate vast consumer data, creating powerfu informational advantages over consumers both and smaller competitors.",Hard,"Excellent, well-structured and critical evaluation",5.0,,"• Information Asymmetry Defined: Traditional markets favour sellers who hold more product/price information than buyers; digital markets narrow this gap significantly.
• Consumer Benefit: Price transparency and cost transparency empower consumers to compare prices and discover merchant costs, increasing their bargaining power.
• Business Implication: Firms can no longer rely on information advantages; must compete on quality, service, and differentiation rather than price obscurity.
• New Asymmetries: Businesses leverage big data to practise dynamic pricing and price discrimination, sometimes exploiting information advantages over consumers.
• Critical Evaluation: Digital platforms like Amazon or Google accumulate vast consumer data, creating powerful new informational asymmetries that raise ethical and regulatory concerns.",,information asymmetry whrere ony party holds more transaction - relevant information than the other is dramaticlly reduced in digital markets. consumers benefit frem price transparency easily comparing prices across vendors and cost transparency discovering actual merchante costs which empowers cosumer dission - end making drives competitive pricing among businesses. critically digital markets may create new asymmetries platforms like amazon or google accumulate vast consumer data creating powerfu informational advantages over consumers both and smaller competitors.,information asymmetry where one party holds more transaction-relevant information than the other is dramatically reduced in digital markets. consumers benefit from price transparency easily comparing prices across vendors and cost transparency discovering actual merchant costs . this empowers consumer decision-making and drives competitive pricing among businesses. however the reduction in asymmetry is not entirely one-sided businesses leverage big data and analytics to practice price discrimination charging different groups different prices and dynamic pricing sometimes exploiting information advantages. critically digital markets may create new asymmetries platforms like amazon or google accumulate vast consumer data creating powerful informational advantages over both consumers and smaller competitors. this raises ethical and regulatory concerns about data privacy and market fairness.,critically evaluate how digital markets reduce information asymmetry and what implications this has for both consumers and businesses.
28,Q3,E-commerce,Compare and critically evaluate the advertising revenue model and the subscription revenue model in the context of e-commerce.,A3-3,The advertising model makes money by showing ads to many visitors. The subscription model charges users a fee to access content. Both are used in e-commerce.,"The adverting modell makes money by ads showing to mnay vistors, the subscription model charges users a fee to access content - both are used in e - commerce.",Hard,Very limited understanding,1.5,,"• Advertising Revenue Model: Revenue generated by charging fees for displaying advertisements to high-volume audiences (e.g., Google, Facebook); free for users, enabling rapid growth.
• Subscription Revenue Model: Users pay a recurring fee for continuous access to a service or content (e.g., Netflix, Spotify); provides predictable, stable recurring revenue.
• Comparison — Stability vs Scale: Subscription provides predictable revenue; advertising revenue fluctuates with traffic volume and advertiser spending cycles.
• Hybrid Convergence: Many platforms blend both models (e.g., Netflix ad-supported tiers, Spotify freemium); long-term trend is towards personalised, blended revenue models.
• Critical Evaluation: Advertising risks user experience tensions and ad-blocking; subscription models face churn risk and require constant high-value content delivery to retain paying customers.",,the adverting modell makes money by ads showing to mnay vistors the subscription model charges users a fee to access content - both are used in e - commerce.,the advertising model makes money by showing ads to many visitors. the subscription model charges users a fee to access content. both are used in e-commerce.,compare and critically evaluate the advertising revenue model and the subscription revenue model in the context of e-commerce.
29,Q3,E-commerce,Compare and critically evaluate the advertising revenue model and the subscription revenue model in the context of e-commerce.,A3-4,"The advertising revenue model attracts large audiences and earns revenue from advertisers (e.g., Google, Yahoo). The subscription model charges users ongoing fees for access to content (e.g., Netflix). Both have their uses, but the comparison lacks depth on sustainability, user experience, or pros and cons.","The advertising revenue model attrack a large audience and generates revenue From advertisers (e. g Google. , Yahoo ). The subscription modell charges users fpr accces to contents (e. g. Netflix ). Both have their uses, but the comparison lacks depth durability onteh, user experience, or pros and cons.",Hard,Basic understanding with major gaps,2.0,,"• Advertising Revenue Model: Revenue generated by charging fees for displaying advertisements to high-volume audiences (e.g., Google, Facebook); free for users, enabling rapid growth.
• Subscription Revenue Model: Users pay a recurring fee for continuous access to a service or content (e.g., Netflix, Spotify); provides predictable, stable recurring revenue.
• Comparison — Stability vs Scale: Subscription provides predictable revenue; advertising revenue fluctuates with traffic volume and advertiser spending cycles.
• Hybrid Convergence: Many platforms blend both models (e.g., Netflix ad-supported tiers, Spotify freemium); long-term trend is towards personalised, blended revenue models.
• Critical Evaluation: Advertising risks user experience tensions and ad-blocking; subscription models face churn risk and require constant high-value content delivery to retain paying customers.",,the advertising revenue model attrack a large audience and generates revenue from advertisers e. g google. yahoo . the subscription modell charges users fpr accces to contents e. g. netflix . both have their uses but the comparison lacks depth durability onteh user experience or pros and cons.,the advertising revenue model attracts large audiences and earns revenue from advertisers e.g. google yahoo . the subscription model charges users ongoing fees for access to content e.g. netflix . both have their uses but the comparison lacks depth on sustainability user experience or pros and cons.,compare and critically evaluate the advertising revenue model and the subscription revenue model in the context of e-commerce.
47,Q4,E-commerce,"Evaluate the differences between B2C, B2B, and C2C e-commerce models, providing real-world examples and assessing the strengths of each.",A4-10,"B2C, B2B, and C2C represent distinct e-commerce paradigms, each with unique value propositions and operational dynamics. B2C (e.g., KeellsSuper.com, Amazon) targets individual consumers, prioritising seamless user experience, personalisation, and fast fulfilment. Its strength lies in scale and brand loyalty, though thin margins require high volumes. B2B (e.g., b2b.hp.com, Grainger.com) involves higher transaction values, complex procurement, and long-term relationships. Efficiency, integration with ERP systems, and volume discounts are key strengths, though the sales cycle is longer. C2C (e.g., eBay, Airbnb, ikman.lk) unlocks idle assets and democratises commerce, creating value through network effects — more buyers attract more sellers. Critically, C2C platforms face significant trust and quality-assurance challenges, addressed through ratings, reviews, and dispute resolution. The boundaries between models are blurring: Amazon acts simultaneously as B2C retailer, B2B marketplace enabler, and C2C platform for third-party sellers, reflecting the multi-model convergence in modern e-commerce.","B2C, B2B and C2C rapresent distinct e - commerce paradigms, each with uniqe value propositions and operational dynamics. B2C (the. g. KeellsSuper. com, Amazon) targets indiviual consumers, prioritizing a seamless user experience, personalization and fasta fulfillment, even if low margins require high volumes. Efficiency, integration with ERP systems and volume discounts are assets key, even if the sales is cycle longer. C2C (old. g. eBay, Airbnb) simultaneously acts as a B2C retailer, B2B marketplace facilitator and, C2C platform fpr third - aparty selers, reflecting the multi - model convergence modren of e - commerce.",Medium,"Excellent, well-structured and critical evaluation",4.8,,"• B2C (Business-to-Consumer): Firms sell directly to individual consumers (e.g., Amazon, KeellsSuper.com); strength lies in large market reach, personalisation, and brand loyalty.
• B2B (Business-to-Business): Transactions between firms (e.g., Grainger.com, b2b.hp.com); strength is high transaction values, long-term relationships, and ERP integration.
• C2C (Consumer-to-Consumer): Peer-to-peer transactions facilitated by platforms (e.g., eBay, Airbnb, ikman.lk); strength is network effects — more buyers attract more sellers.
• Comparative Strengths: B2B generates highest value per transaction; B2C offers scale and personalisation; C2C democratises commerce and monetises idle assets.
• Critical Evaluation: Boundaries are blurring — Amazon simultaneously acts as B2C retailer, B2B marketplace enabler, and C2C platform for third-party sellers, reflecting multi-model convergence.",,b2c b2b and c2c rapresent distinct e - commerce paradigms each with uniqe value propositions and operational dynamics. b2c the. g. keellssuper. com amazon targets indiviual consumers prioritizing a seamless user experience personalization and fasta fulfillment even if low margins require high volumes. efficiency integration with erp systems and volume discounts are assets key even if the sales is cycle longer. c2c old. g. ebay airbnb simultaneously acts as a b2c retailer b2b marketplace facilitator and c2c platform fpr third - aparty selers reflecting the multi - model convergence modren of e - commerce.,b2c b2b and c2c represent distinct e-commerce paradigms each with unique value propositions and operational dynamics. b2c e.g. keellssuper.com amazon targets individual consumers prioritising seamless user experience personalisation and fast fulfilment. its strength lies in scale and brand loyalty though thin margins require high volumes. b2b e.g. b2b.hp.com grainger.com involves higher transaction values complex procurement and long-term relationships. efficiency integration with erp systems and volume discounts are key strengths though the sales cycle is longer. c2c e.g. ebay airbnb ikman.lk unlocks idle assets and democratises commerce creating value through network effects more buyers attract more sellers. critically c2c platforms face significant trust and quality-assurance challenges addressed through ratings reviews and dispute resolution. the boundaries between models are blurring amazon acts simultaneously as b2c retailer b2b marketplace enabler and c2c platform for third-party sellers reflecting the multi-model convergence in modern e-commerce.,evaluate the differences between b2c b2b and c2c e-commerce models providing real-world examples and assessing the strengths of each.
48,Q4,E-commerce,"Evaluate the differences between B2C, B2B, and C2C e-commerce models, providing real-world examples and assessing the strengths of each.",A4-11,"B2C, B2B, and C2C represent distinct e-commerce paradigms, each with unique value propositions and operational dynamics. B2C (e.g., KeellsSuper.com, Amazon) targets individual consumers, prioritising seamless user experience, personalisation, and fast fulfilment. Its strength lies in scale and brand loyalty, though thin margins require high volumes. B2B (e.g., b2b.hp.com, Grainger.com) involves higher transaction values, complex procurement, and long-term relationships. Efficiency, integration with ERP systems, and volume discounts are key strengths, though the sales cycle is longer. C2C (e.g., eBay, Airbnb, ikman.lk) unlocks idle assets and democratises commerce, creating value through network effects — more buyers attract more sellers. Critically, C2C platforms face significant trust and quality-assurance challenges, addressed through ratings, reviews, and dispute resolution. The boundaries between models are blurring: Amazon acts simultaneously as B2C retailer, B2B marketplace enabler, and C2C platform for third-party sellers, reflecting the multi-model convergence in modern e-commerce.","B2C, B2B and C2C represent distinct and - commerce paradigms, each with unique propositions valur and operational dynamics B2C. (e. g. , KeellsSuper. com, Amazon) targets indiviual consumers, prioritising seamless user experience, personalisation and fast fulfilment, though thin margins requiere high volumes. Efficiency, integration woth ERP systems and volume discounts are strengths key, though the sales cyle is longer. C2C (e. a. , eBay, Airbnb, Acts simultaneously as a B2C retailer, B2B marketplace enabler and C2C for flatform third - party sellers, reflecting she milti - model convergence in modern e - commerce.",Medium,"Excellent, well-structured and critical evaluation",5.0,,"• B2C (Business-to-Consumer): Firms sell directly to individual consumers (e.g., Amazon, KeellsSuper.com); strength lies in large market reach, personalisation, and brand loyalty.
• B2B (Business-to-Business): Transactions between firms (e.g., Grainger.com, b2b.hp.com); strength is high transaction values, long-term relationships, and ERP integration.
• C2C (Consumer-to-Consumer): Peer-to-peer transactions facilitated by platforms (e.g., eBay, Airbnb, ikman.lk); strength is network effects — more buyers attract more sellers.
• Comparative Strengths: B2B generates highest value per transaction; B2C offers scale and personalisation; C2C democratises commerce and monetises idle assets.
• Critical Evaluation: Boundaries are blurring — Amazon simultaneously acts as B2C retailer, B2B marketplace enabler, and C2C platform for third-party sellers, reflecting multi-model convergence.",,b2c b2b and c2c represent distinct and - commerce paradigms each with unique propositions valur and operational dynamics b2c. e. g. keellssuper. com amazon targets indiviual consumers prioritising seamless user experience personalisation and fast fulfilment though thin margins requiere high volumes. efficiency integration woth erp systems and volume discounts are strengths key though the sales cyle is longer. c2c e. a. ebay airbnb acts simultaneously as a b2c retailer b2b marketplace enabler and c2c for flatform third - party sellers reflecting she milti - model convergence in modern e - commerce.,b2c b2b and c2c represent distinct e-commerce paradigms each with unique value propositions and operational dynamics. b2c e.g. keellssuper.com amazon targets individual consumers prioritising seamless user experience personalisation and fast fulfilment. its strength lies in scale and brand loyalty though thin margins require high volumes. b2b e.g. b2b.hp.com grainger.com involves higher transaction values complex procurement and long-term relationships. efficiency integration with erp systems and volume discounts are key strengths though the sales cycle is longer. c2c e.g. ebay airbnb ikman.lk unlocks idle assets and democratises commerce creating value through network effects more buyers attract more sellers. critically c2c platforms face significant trust and quality-assurance challenges addressed through ratings reviews and dispute resolution. the boundaries between models are blurring amazon acts simultaneously as b2c retailer b2b marketplace enabler and c2c platform for third-party sellers reflecting the multi-model convergence in modern e-commerce.,evaluate the differences between b2c b2b and c2c e-commerce models providing real-world examples and assessing the strengths of each.
49,Q5,E-commerce,"Assess how digital goods differ from traditional goods in terms of cost structure, and evaluate the impact of these differences on industries such as publishing and music.",A5-0,Digital goods are things you download. They cost less than normal goods.,Digital goods are things youo download and cost less normoal than goods.,Hard,No understanding or irrelevant,0.0,,"• Cost Structure of Digital Goods: Near-zero marginal cost of reproduction and distribution once created; no physical production, storage, or shipping expenses beyond the first unit.
• Traditional Goods Contrast: Physical goods incur per-unit manufacturing, logistics, and inventory holding costs, fundamentally constraining scalability.
• Impact on Music Industry: Physical album sales replaced by streaming platforms (Spotify, Apple Music) distributing infinite copies at negligible marginal cost; royalty revenues per unit significantly reduced.
• Impact on Publishing: E-books and digital subscriptions eliminate print and distribution costs; publishers can price flexibly and reach global audiences instantly.
• Critical Evaluation: Low marginal cost is a double-edged sword — while consumers benefit from lower prices and instant access, piracy erodes revenue and streaming royalties are significantly lower than physical sales income.",,digital goods are things youo download and cost less normoal than goods.,digital goods are things you download. they cost less than normal goods.,assess how digital goods differ from traditional goods in terms of cost structure and evaluate the impact of these differences on industries such as publishing and music.
61,Q6,E-commerce,"Evaluate the concept of disintermediation in digital markets. How does removing intermediary layers benefit consumers, and what are the potential drawbacks?",A6-0,Disintermediation means removing middlemen. This saves money.,"Disintermediation means cuting out middlemen, saving. money",Medium,No understanding or irrelevant,0.0,,"• Disintermediation Defined: The removal of intermediaries (wholesalers, retailers, brokers) from the supply chain through direct digital transactions between producers and consumers.
• Consumer Benefit: Lower end prices (e.g., sweater dropping from $48.50 to $20.45 direct); faster transactions and direct access to producers.
• Business Benefit: Higher profit margins per sale and direct customer relationships enabling richer data collection and better brand control.
• Potential Drawbacks: Intermediaries provide logistics, quality assurance, customer service, and dispute resolution; their removal shifts these responsibilities and risks to manufacturers or consumers.
• Re-intermediation: New digital intermediaries (e.g., Amazon) often emerge, recreating dependency and extracting fees — challenging the pure efficiency narrative of disintermediation.",,disintermediation means cuting out middlemen saving. money,disintermediation means removing middlemen. this saves money.,evaluate the concept of disintermediation in digital markets. how does removing intermediary layers benefit consumers and what are the potential drawbacks
70,Q6,E-commerce,"Evaluate the concept of disintermediation in digital markets. How does removing intermediary layers benefit consumers, and what are the potential drawbacks?",A6-9,"Disintermediation removes business process layers from the value chain, reducing costs passed on to consumers (e.g., a sweater dropping from $48.50 to $20.45). For businesses, direct sales improve margins and customer relationships. However, intermediaries provide real value: they handle logistics, customer service, returns, and risk. Their removal can create challenges in service delivery. E-commerce platforms often 're-intermediate' by acting as digital middlemen themselves (e.g., Amazon).","Disintermediation removes business proces layers from the value chain, reducing costs passed on to consummers (is. g. , a sweater dropping from $ 48 50. to $ 20. 45) For businesses, direct sales improve margins and customer relashionships, butt intermediaries provide real value they: handle logisitcs, customer service, returns and risk, and their removal can challenges create ia service delivery. E - commerce plataforms often ' re - ntermediate ' by acting has digital intermediaries themselves (e. g. , Amazon ).",Medium,Good explanation with minor gaps,4.5,,"• Disintermediation Defined: The removal of intermediaries (wholesalers, retailers, brokers) from the supply chain through direct digital transactions between producers and consumers.
• Consumer Benefit: Lower end prices (e.g., sweater dropping from $48.50 to $20.45 direct); faster transactions and direct access to producers.
• Business Benefit: Higher profit margins per sale and direct customer relationships enabling richer data collection and better brand control.
• Potential Drawbacks: Intermediaries provide logistics, quality assurance, customer service, and dispute resolution; their removal shifts these responsibilities and risks to manufacturers or consumers.
• Re-intermediation: New digital intermediaries (e.g., Amazon) often emerge, recreating dependency and extracting fees — challenging the pure efficiency narrative of disintermediation.",,disintermediation removes business proces layers from the value chain reducing costs passed on to consummers is. g. a sweater dropping from $ 48 50. to $ 20. 45 for businesses direct sales improve margins and customer relashionships butt intermediaries provide real value they handle logisitcs customer service returns and risk and their removal can challenges create ia service delivery. e - commerce plataforms often ' re - ntermediate ' by acting has digital intermediaries themselves e. g. amazon .,disintermediation removes business process layers from the value chain reducing costs passed on to consumers e.g. a sweater dropping from $48.50 to $20.45 . for businesses direct sales improve margins and customer relationships. however intermediaries provide real value they handle logistics customer service returns and risk. their removal can create challenges in service delivery. e-commerce platforms often 're-intermediate' by acting as digital middlemen themselves e.g. amazon .,evaluate the concept of disintermediation in digital markets. how does removing intermediary layers benefit consumers and what are the potential drawbacks
80,Q7,E-commerce,"Critically evaluate the role of social e-commerce and social network marketing in modern business strategy, using specific features and examples.",A7-7,"Social e-commerce leverages digital social graphs to understand consumer influence networks. Features like newsfeeds, collaborative shopping, and network notifications enable businesses to engage consumers in personalised ways. The 'wisdom of crowds' concept allows businesses to gather collective insights about products. Viral marketing through social networks can amplify reach at low cost. The evaluation lacks critical discussion of privacy concerns or data exploitation.","Social e - commerce digital leverages social graphs understand lo consumer influence networks. Features like newsfeeds, collaborative shopping and network notifications enable businesses tou engage consummers in personalised ways. athe ' Wisdom of Crowds ' concept allows businesses to gather collective insights about products. Viral marketing throuhg socila networks can amplify reach at low cost them. avalation lacks critical discussion of privacy concerns or data exploitation.",Hard,Moderate understanding with some clarity,3.5,,"• Social E-Commerce Defined: Use of social networks to facilitate peer-influenced purchasing decisions, underpinned by the digital social graph mapping all online social relationships.
• Key Features: Newsfeeds (organic product exposure), social sign-on (rich demographic data), collaborative shopping, network notifications (viral recommendations), and social search.
• Business Value: Enables viral marketing at minimal cost, builds brand communities, hyper-targets advertising using social profile data, and leverages 'wisdom of crowds' for product insights.
• Social Network Marketing: Targeted advertising using demographic and behavioural data (e.g., Facebook Ads, TikTok for Business); effective for B2C impulse-driven purchases.
• Critical Evaluation: Raises ethical concerns around harvesting personal social data without explicit consent, algorithmic manipulation of purchasing impulses; GDPR and privacy regulations increasingly challenge its data-driven foundation.",,social e - commerce digital leverages social graphs understand lo consumer influence networks. features like newsfeeds collaborative shopping and network notifications enable businesses tou engage consummers in personalised ways. athe ' wisdom of crowds ' concept allows businesses to gather collective insights about products. viral marketing throuhg socila networks can amplify reach at low cost them. avalation lacks critical discussion of privacy concerns or data exploitation.,social e-commerce leverages digital social graphs to understand consumer influence networks. features like newsfeeds collaborative shopping and network notifications enable businesses to engage consumers in personalised ways. the 'wisdom of crowds' concept allows businesses to gather collective insights about products. viral marketing through social networks can amplify reach at low cost. the evaluation lacks critical discussion of privacy concerns or data exploitation.,critically evaluate the role of social e-commerce and social network marketing in modern business strategy using specific features and examples.
81,Q7,E-commerce,"Critically evaluate the role of social e-commerce and social network marketing in modern business strategy, using specific features and examples.",A7-8,"Social e-commerce exploits the interconnectedness of social networks to drive purchasing decisions. Key features — newsfeeds, social sign-on, collaborative shopping, and social search — create personalised, peer-influenced shopping experiences. Businesses benefit from organic reach, targeted advertising, and rich demographic data. The 'wisdom of crowds' principle enables businesses to leverage mass user sentiment for product development and marketing. A stronger critical evaluation should address data privacy, algorithmic manipulation, and the ethical use of consumer social data.","Social he - commerce leverages the interconnectivity of socail networks to guide purchasing decisions. Key festures (News Feed, Social Login, Collaborative Sopping, and Search Social) create personalized, peer - influenced shoping expiriences. Businesses benefit from orginic reach, targeted ads, are rich demographics. The principle of “ wisdom of crowds ” allows companies to leverage mass user sentiment for product development and. marketing More rigorous critical assessment should address data privacy, algorithmic manipulation, ann the ethical use comsumer of social data.",Hard,Good explanation with minor gaps,4.0,,"• Social E-Commerce Defined: Use of social networks to facilitate peer-influenced purchasing decisions, underpinned by the digital social graph mapping all online social relationships.
• Key Features: Newsfeeds (organic product exposure), social sign-on (rich demographic data), collaborative shopping, network notifications (viral recommendations), and social search.
• Business Value: Enables viral marketing at minimal cost, builds brand communities, hyper-targets advertising using social profile data, and leverages 'wisdom of crowds' for product insights.
• Social Network Marketing: Targeted advertising using demographic and behavioural data (e.g., Facebook Ads, TikTok for Business); effective for B2C impulse-driven purchases.
• Critical Evaluation: Raises ethical concerns around harvesting personal social data without explicit consent, algorithmic manipulation of purchasing impulses; GDPR and privacy regulations increasingly challenge its data-driven foundation.",,"social he - commerce leverages the interconnectivity of socail networks to guide purchasing decisions. key festures news feed social login collaborative sopping and search social create personalized peer - influenced shoping expiriences. businesses benefit from orginic reach targeted ads are rich demographics. the principle of "" wisdom of crowds "" allows companies to leverage mass user sentiment for product development and. marketing more rigorous critical assessment should address data privacy algorithmic manipulation ann the ethical use comsumer of social data.",social e-commerce exploits the interconnectedness of social networks to drive purchasing decisions. key features newsfeeds social sign-on collaborative shopping and social search create personalised peer-influenced shopping experiences. businesses benefit from organic reach targeted advertising and rich demographic data. the 'wisdom of crowds' principle enables businesses to leverage mass user sentiment for product development and marketing. a stronger critical evaluation should address data privacy algorithmic manipulation and the ethical use of consumer social data.,critically evaluate the role of social e-commerce and social network marketing in modern business strategy using specific features and examples.
82,Q7,E-commerce,"Critically evaluate the role of social e-commerce and social network marketing in modern business strategy, using specific features and examples.",A7-9,"Social e-commerce exploits the interconnectedness of social networks to drive purchasing decisions. Key features — newsfeeds, social sign-on, collaborative shopping, and social search — create personalised, peer-influenced shopping experiences. Businesses benefit from organic reach, targeted advertising, and rich demographic data. The 'wisdom of crowds' principle enables businesses to leverage mass user sentiment for product development and marketing. A stronger critical evaluation should address data privacy, algorithmic manipulation, and the ethical use of consumer social data.","Social he - commerce exploits theath interconnectedness of socail networks to drive purchasing decisions. Key festures — newsfeeds, social sign - on collaborative, shopping and social serach — create personalised, peer - influenced shopping experiences. benefit Businesses organic from reacht, targeted advertising and reach demographic data. The ' Wisdom of Crowds ' principal enables businesses to leverage mass user sentiment forr product development and marketing. A stronger critical evaluation should address data privacy, algorithmic manipulation and ethical use of consumer socila data.",Hard,Good explanation with minor gaps,4.5,,"• Social E-Commerce Defined: Use of social networks to facilitate peer-influenced purchasing decisions, underpinned by the digital social graph mapping all online social relationships.
• Key Features: Newsfeeds (organic product exposure), social sign-on (rich demographic data), collaborative shopping, network notifications (viral recommendations), and social search.
• Business Value: Enables viral marketing at minimal cost, builds brand communities, hyper-targets advertising using social profile data, and leverages 'wisdom of crowds' for product insights.
• Social Network Marketing: Targeted advertising using demographic and behavioural data (e.g., Facebook Ads, TikTok for Business); effective for B2C impulse-driven purchases.
• Critical Evaluation: Raises ethical concerns around harvesting personal social data without explicit consent, algorithmic manipulation of purchasing impulses; GDPR and privacy regulations increasingly challenge its data-driven foundation.",,social he - commerce exploits theath interconnectedness of socail networks to drive purchasing decisions. key festures newsfeeds social sign - on collaborative shopping and social serach create personalised peer - influenced shopping experiences. benefit businesses organic from reacht targeted advertising and reach demographic data. the ' wisdom of crowds ' principal enables businesses to leverage mass user sentiment forr product development and marketing. a stronger critical evaluation should address data privacy algorithmic manipulation and ethical use of consumer socila data.,social e-commerce exploits the interconnectedness of social networks to drive purchasing decisions. key features newsfeeds social sign-on collaborative shopping and social search create personalised peer-influenced shopping experiences. businesses benefit from organic reach targeted advertising and rich demographic data. the 'wisdom of crowds' principle enables businesses to leverage mass user sentiment for product development and marketing. a stronger critical evaluation should address data privacy algorithmic manipulation and the ethical use of consumer social data.,critically evaluate the role of social e-commerce and social network marketing in modern business strategy using specific features and examples.
95,Q8,E-commerce,"Evaluate the growth and significance of mobile commerce (m-commerce), identifying its main areas of growth and the services that support it.",A8-10,"Mobile commerce (m-commerce) represents the most dynamic frontier of e-commerce, accounting for 34% of global e-commerce transactions and growing rapidly. Its growth is driven by three primary areas: mass market retailing (Amazon, eBay, Apple), digital content consumption (music, TV, e-books), and in-app purchases. Location-based services amplify m-commerce by adding spatial context: geosocial services reveal friends' locations; geo-advertising delivers hyper-targeted, location-relevant ads; and geoinformation provides real-time property or pricing data. Financial services apps from banks and credit card companies enable seamless mobile payments, while mobile advertising — dominated by Google and Facebook — monetises consumer attention within apps, games, and videos. Critically, m-commerce's growth faces structural challenges: smaller screen sizes complicate the shopping experience; mobile payment security remains a consumer concern; and fragmented device ecosystems (iOS vs Android) create development complexity for businesses. Furthermore, the always-connected nature of m-commerce raises concerns about compulsive purchasing behaviour and data privacy, as location data is continuously harvested. The long-term success of m-commerce will depend on resolving these tensions while maintaining the convenience and personalisation that drive its adoption.","Mobile commerce (m - commerce) represents the most dynamic frontier in e - commerce, accounting for 34th% of global e - transactions commerce growing and rapidly. Its growth es driven by three main areas: mass distribution (Amazon, eBay, Apple ), of consumption digital content (music, television, me - bookd) and in - app purchases. Financial services apps from banks and credit card companies enable seamless mobile payments, while mobile advertising – dominated by Google and Facebook – monetizes consumer attention within apps. There always - connected nature of mobile commerce raises concerns about compulsive buyng behavior and date privicies as location data is collected continually. The long - term success of mobile commerce will depend on resolving these tensions wile preserving the convenience and personalizations that drives adoption its.",Medium,"Excellent, well-structured and critical evaluation",4.8,,"• M-Commerce Defined: Commercial transactions conducted via mobile devices (smartphones, tablets) using wireless networks; accounts for approximately 34% of global e-commerce transactions.
• Areas of Growth: Mass market retailing (Amazon, eBay), digital content consumption (music, TV, e-books), in-app purchases, and mobile ticketing.
• Supporting Services: Location-based services (geosocial, geo-advertising, geoinformation) add spatial context; mobile payment systems (Apple Pay, Google Pay) enable seamless transactions.
• Mobile Advertising: Dominated by Google and Facebook, monetising consumer attention within apps, games, and videos; financial apps from banks expand the m-commerce ecosystem.
• Critical Evaluation: Structural challenges include smaller screen UX limitations, mobile payment security concerns, and fragmented device ecosystems (iOS vs Android); always-connected nature raises data privacy concerns.",,mobile commerce m - commerce represents the most dynamic frontier in e - commerce accounting for 34th% of global e - transactions commerce growing and rapidly. its growth es driven by three main areas mass distribution amazon ebay apple of consumption digital content music television me - bookd and in - app purchases. financial services apps from banks and credit card companies enable seamless mobile payments while mobile advertising dominated by google and facebook monetizes consumer attention within apps. there always - connected nature of mobile commerce raises concerns about compulsive buyng behavior and date privicies as location data is collected continually. the long - term success of mobile commerce will depend on resolving these tensions wile preserving the convenience and personalizations that drives adoption its.,mobile commerce m-commerce represents the most dynamic frontier of e-commerce accounting for 34% of global e-commerce transactions and growing rapidly. its growth is driven by three primary areas mass market retailing amazon ebay apple digital content consumption music tv e-books and in-app purchases. location-based services amplify m-commerce by adding spatial context geosocial services reveal friends' locations geo-advertising delivers hyper-targeted location-relevant ads and geoinformation provides real-time property or pricing data. financial services apps from banks and credit card companies enable seamless mobile payments while mobile advertising dominated by google and facebook monetises consumer attention within apps games and videos. critically m-commerce's growth faces structural challenges smaller screen sizes complicate the shopping experience mobile payment security remains a consumer concern and fragmented device ecosystems ios vs android create development complexity for businesses. furthermore the always-connected nature of m-commerce raises concerns about compulsive purchasing behaviour and data privacy as location data is continuously harvested. the long-term success of m-commerce will depend on resolving these tensions while maintaining the convenience and personalisation that drive its adoption.,evaluate the growth and significance of mobile commerce m-commerce identifying its main areas of growth and the services that support it.
96,Q8,E-commerce,"Evaluate the growth and significance of mobile commerce (m-commerce), identifying its main areas of growth and the services that support it.",A8-11,"Mobile commerce (m-commerce) represents the most dynamic frontier of e-commerce, accounting for 34% of global e-commerce transactions and growing rapidly. Its growth is driven by three primary areas: mass market retailing (Amazon, eBay, Apple), digital content consumption (music, TV, e-books), and in-app purchases. Location-based services amplify m-commerce by adding spatial context: geosocial services reveal friends' locations; geo-advertising delivers hyper-targeted, location-relevant ads; and geoinformation provides real-time property or pricing data. Financial services apps from banks and credit card companies enable seamless mobile payments, while mobile advertising — dominated by Google and Facebook — monetises consumer attention within apps, games, and videos. Critically, m-commerce's growth faces structural challenges: smaller screen sizes complicate the shopping experience; mobile payment security remains a consumer concern; and fragmented device ecosystems (iOS vs Android) create development complexity for businesses. Furthermore, the always-connected nature of m-commerce raises concerns about compulsive purchasing behaviour and data privacy, as location data is continuously harvested. The long-term success of m-commerce will depend on resolving these tensions while maintaining the convenience and personalisation that drive its adoption.","Mobile comerce (m - commerce) represents the dynamic most frontier of e - commerce, accounting for 34% of global e - ecommerce transactions and growing rapidlly. Its growth sh ' s driven by three primary areas: mass market retailing (Amazon, eBay, Apple ), digital content consumption (music, , TV e - books) and - in apples purchases. Fiancial services apps from banks and credit card conpanies enable seamless mobile payments, while mobile advertising — dominated by Google and Facebook — monetises consumer within attention apps The fragmented device ecosystems (ISO vs Android) create development for complexity businesses. plus, the always - nature connected of m - commerce raises concerns about compulsive purchasing behaviour and data privacy as location dates is conteriously harvested. The long - term success of m - commerce will depend on resolving these tensions while maintaining the convenience and personalisation that drive its adoption.",Medium,"Excellent, well-structured and critical evaluation",5.0,,"• M-Commerce Defined: Commercial transactions conducted via mobile devices (smartphones, tablets) using wireless networks; accounts for approximately 34% of global e-commerce transactions.
• Areas of Growth: Mass market retailing (Amazon, eBay), digital content consumption (music, TV, e-books), in-app purchases, and mobile ticketing.
• Supporting Services: Location-based services (geosocial, geo-advertising, geoinformation) add spatial context; mobile payment systems (Apple Pay, Google Pay) enable seamless transactions.
• Mobile Advertising: Dominated by Google and Facebook, monetising consumer attention within apps, games, and videos; financial apps from banks expand the m-commerce ecosystem.
• Critical Evaluation: Structural challenges include smaller screen UX limitations, mobile payment security concerns, and fragmented device ecosystems (iOS vs Android); always-connected nature raises data privacy concerns.",,mobile comerce m - commerce represents the dynamic most frontier of e - commerce accounting for 34% of global e - ecommerce transactions and growing rapidlly. its growth sh ' s driven by three primary areas mass market retailing amazon ebay apple digital content consumption music tv e - books and - in apples purchases. fiancial services apps from banks and credit card conpanies enable seamless mobile payments while mobile advertising dominated by google and facebook monetises consumer within attention apps the fragmented device ecosystems iso vs android create development for complexity businesses. plus the always - nature connected of m - commerce raises concerns about compulsive purchasing behaviour and data privacy as location dates is conteriously harvested. the long - term success of m - commerce will depend on resolving these tensions while maintaining the convenience and personalisation that drive its adoption.,mobile commerce m-commerce represents the most dynamic frontier of e-commerce accounting for 34% of global e-commerce transactions and growing rapidly. its growth is driven by three primary areas mass market retailing amazon ebay apple digital content consumption music tv e-books and in-app purchases. location-based services amplify m-commerce by adding spatial context geosocial services reveal friends' locations geo-advertising delivers hyper-targeted location-relevant ads and geoinformation provides real-time property or pricing data. financial services apps from banks and credit card companies enable seamless mobile payments while mobile advertising dominated by google and facebook monetises consumer attention within apps games and videos. critically m-commerce's growth faces structural challenges smaller screen sizes complicate the shopping experience mobile payment security remains a consumer concern and fragmented device ecosystems ios vs android create development complexity for businesses. furthermore the always-connected nature of m-commerce raises concerns about compulsive purchasing behaviour and data privacy as location data is continuously harvested. the long-term success of m-commerce will depend on resolving these tensions while maintaining the convenience and personalisation that drive its adoption.,evaluate the growth and significance of mobile commerce m-commerce identifying its main areas of growth and the services that support it.
104,Q9,E-commerce,"Evaluate the 'market creator' e-commerce business model. How do platforms like eBay, Uber, and Airbnb create value, and what challenges do they face?",A9-7,"Market creators develop platforms that aggregate buyers and sellers, generating value through network effects — more participants increase platform value for all. eBay enables peer auctions; Uber connects drivers and riders; Airbnb links hosts and guests. All earn via transaction fees. They face challenges around trust (ratings systems are used), regulatory compliance (Airbnb faces housing regulations), and market fragmentation. The evaluation could go deeper on worker rights in the gig economy.","Creators market develep platforms that aggregate buyers and sellers, generating valur through network effects — more participants increase platform value for all — eBay enables peer auctions; Uber connects drivers and riders; Airbnb links hosts guests and — all earn via transaction fees. They face around challenges trust (raiting systems are used ), requlatory compliance (Airbnb faces housing regulations) and market fragmentation. Thes avalation could go deeper ona worker right no the gig economy.",Hard,Moderate understanding with some clarity,3.5,,"• Market Creator Model Defined: Platforms that build digital marketplaces connecting buyers and sellers who transact directly; platform earns revenue through transaction fees without owning underlying assets.
• Value Creation — eBay: Aggregates buyers and sellers globally, enabling transparent price discovery through auction and fixed-price mechanisms.
• Value Creation — Uber/Airbnb: Monetise underutilised assets (cars, homes) by matching supply and demand in real time, generating powerful two-sided network effects.
• Network Effect Advantage: Platform value grows as more participants join — more sellers attract more buyers — creating self-reinforcing growth cycles and high barriers to entry.
• Critical Challenges: Regulatory pressure (Uber licensing disputes, Airbnb housing bans), trust management (rating systems mitigate but cannot eliminate fraud), gig economy labour rights concerns, and winner-takes-all monopoly power dynamics.",,creators market develep platforms that aggregate buyers and sellers generating valur through network effects more participants increase platform value for all ebay enables peer auctions uber connects drivers and riders airbnb links hosts guests and all earn via transaction fees. they face around challenges trust raiting systems are used requlatory compliance airbnb faces housing regulations and market fragmentation. thes avalation could go deeper ona worker right no the gig economy.,market creators develop platforms that aggregate buyers and sellers generating value through network effects more participants increase platform value for all. ebay enables peer auctions uber connects drivers and riders airbnb links hosts and guests. all earn via transaction fees. they face challenges around trust ratings systems are used regulatory compliance airbnb faces housing regulations and market fragmentation. the evaluation could go deeper on worker rights in the gig economy.,evaluate the 'market creator' e-commerce business model. how do platforms like ebay uber and airbnb create value and what challenges do they face
105,Q9,E-commerce,"Evaluate the 'market creator' e-commerce business model. How do platforms like eBay, Uber, and Airbnb create value, and what challenges do they face?",A9-8,"The market creator model creates digital environments where buyers and sellers transact directly, with the platform earning a fee per transaction. Value is generated through network effects and price discovery mechanisms. eBay's auction model democratises selling; Uber disrupts traditional taxi markets; Airbnb unlocks idle residential assets. Key challenges include trust management (addressed via ratings and reviews), regulatory friction (Airbnb violating local housing laws, Uber's licensing battles), and gig economy labour rights issues. A deeper critique of platform monopoly power would strengthen the evaluation.","The marketplace maker model creates digital environments where buyers and sellers transact directly with the platform and earn fees pro transaccion. Value is throngh generated effects netrwok and price discovery mechanisms. eBay ' s auction model democratizes selling, Uber disrupts traditional taxi markets, Airbnb unlocks unused residential assets. Key challenges include mananger [[ turst (through addressed ratings and reviews ), regulatory frictions (Airbnb violating locoal housing laws, Uber ' s licensing batles ), and labor rights issues in theath gig ergonomy.",Hard,Good explanation with minor gaps,4.0,,"• Market Creator Model Defined: Platforms that build digital marketplaces connecting buyers and sellers who transact directly; platform earns revenue through transaction fees without owning underlying assets.
• Value Creation — eBay: Aggregates buyers and sellers globally, enabling transparent price discovery through auction and fixed-price mechanisms.
• Value Creation — Uber/Airbnb: Monetise underutilised assets (cars, homes) by matching supply and demand in real time, generating powerful two-sided network effects.
• Network Effect Advantage: Platform value grows as more participants join — more sellers attract more buyers — creating self-reinforcing growth cycles and high barriers to entry.
• Critical Challenges: Regulatory pressure (Uber licensing disputes, Airbnb housing bans), trust management (rating systems mitigate but cannot eliminate fraud), gig economy labour rights concerns, and winner-takes-all monopoly power dynamics.",,the marketplace maker model creates digital environments where buyers and sellers transact directly with the platform and earn fees pro transaccion. value is throngh generated effects netrwok and price discovery mechanisms. ebay ' s auction model democratizes selling uber disrupts traditional taxi markets airbnb unlocks unused residential assets. key challenges include mananger turst through addressed ratings and reviews regulatory frictions airbnb violating locoal housing laws uber ' s licensing batles and labor rights issues in theath gig ergonomy.,the market creator model creates digital environments where buyers and sellers transact directly with the platform earning a fee per transaction. value is generated through network effects and price discovery mechanisms. ebay's auction model democratises selling uber disrupts traditional taxi markets airbnb unlocks idle residential assets. key challenges include trust management addressed via ratings and reviews regulatory friction airbnb violating local housing laws uber's licensing battles and gig economy labour rights issues. a deeper critique of platform monopoly power would strengthen the evaluation.,evaluate the 'market creator' e-commerce business model. how do platforms like ebay uber and airbnb create value and what challenges do they face
118,Q10,E-commerce,"Evaluate the key challenges a business must address when building an e-commerce presence, including the role of the e-commerce presence map.",A10-9,"Building an e-commerce presence requires a strategic approach addressing business objectives and technology selection. The e-commerce presence map guides firms across four presence types: websites (search, display, apps), email (newsletters, updates), social media (conversation, sharing), and offline media (branding, exposure). A milestone-based timeline decomposes the project into manageable phases. Critically, businesses must align each presence type with target audience behaviour and available resources. The answer would benefit from evaluation of measurement frameworks for assessing presence effectiveness.","Bulding an e - presence commerce requires a strategic approaches addressing business objectives and technology selection. The e - commerce map presence guides firms accros fourd presense types: websites (search, display, apps ), email (newsletters, updates ), sozial media (conversaition, charing) and offline media (branding, exposure ). A milestone - based timeline decomposes the into project manageable phases.",Medium,Good explanation with minor gaps,4.5,,"• Key Management Challenges: Two critical challenges — developing a clear understanding of business objectives and selecting technology that aligns with those objectives.
• E-Commerce Presence Map: A planning framework identifying four presence types: websites (search, display, apps), email (newsletters, promotions), social media (engagement, sharing), and offline media (branding, exposure).
• Strategic Role of Map: Ensures no channel is overlooked; aligns resources to where target audiences engage; supports omnichannel consistency and coherent brand messaging.
• Phased Timeline: A milestone-based project timeline decomposes the complex initiative into manageable, measurable stages, reducing risk and enabling iterative improvement.
• Critical Evaluation: Successful e-commerce presence requires ongoing management beyond launch — continuous performance measurement, A/B testing, algorithm adaptation; resource constraints often force prioritisation decisions that leave opportunities unexploited.",,bulding an e - presence commerce requires a strategic approaches addressing business objectives and technology selection. the e - commerce map presence guides firms accros fourd presense types websites search display apps email newsletters updates sozial media conversaition charing and offline media branding exposure . a milestone - based timeline decomposes the into project manageable phases.,building an e-commerce presence requires a strategic approach addressing business objectives and technology selection. the e-commerce presence map guides firms across four presence types websites search display apps email newsletters updates social media conversation sharing and offline media branding exposure . a milestone-based timeline decomposes the project into manageable phases. critically businesses must align each presence type with target audience behaviour and available resources. the answer would benefit from evaluation of measurement frameworks for assessing presence effectiveness.,evaluate the key challenges a business must address when building an e-commerce presence including the role of the e-commerce presence map.
119,Q10,E-commerce,"Evaluate the key challenges a business must address when building an e-commerce presence, including the role of the e-commerce presence map.",A10-10,"Building an effective e-commerce presence is a multidimensional strategic challenge that extends well beyond website creation. The two most critical management challenges are developing a clear understanding of business objectives and selecting technology that aligns with those objectives. Without objective clarity, technology decisions lack strategic direction. The e-commerce presence map provides a comprehensive framework, identifying four presence types: websites (across traditional, mobile, and tablet platforms, enabling search, display, apps, and affiliate activities); email (leveraging internal and purchased lists for newsletters, updates, and promotions); social media (Facebook, Twitter, blogs for conversation, engagement, sharing, and advice); and offline media (print and TV for education, exposure, and branding). Each presence type serves distinct marketing functions and should be integrated coherently. A phased timeline with clear milestones transforms a complex initiative into manageable, measurable stages, reducing risk and enabling iterative improvement. Critically, a successful e-commerce presence requires ongoing management beyond launch: continuous performance measurement, consumer behaviour analysis, A/B testing, and adaptation to platform algorithm changes (particularly for social media). Furthermore, resource constraints — financial, technical, and human — often force prioritisation decisions that can leave significant opportunities unexploited. Businesses must also navigate the tension between centralised brand consistency and localised market responsiveness across different digital channels.","Biilding an effective e - commerce presence is multi a - dimensional strategic challenge that extends far beyond website building. The two most critical management challenges are developing a clear understanding lf bysiness objectives and selecting technology that aligns with those objectives. Without objective clarity, technology decisions lack strategic direction. The eCommerce Presence Map provides a compreension framework identifying four types of presence: websites (via traditional, mobile and tablet platforms enabling shearch, display, applications and affiliate activities ); email (leveraging internal and purchased for lists newsletters, updates promotions and A complex initiative with clear milestones transforms into manageable, measurable steps, reducing risk and enabling iterative improvement. In essence, a successful to - commerce presence requires ongoing magnament beyond launch: continuous performance mesaurement, consumer behavior analysis A, / B testing, and adaptation TO platform algorithm changes (especially social for media ). localizated responsiveness of the market different through",Medium,"Excellent, well-structured and critical evaluation",4.8,,"• Key Management Challenges: Two critical challenges — developing a clear understanding of business objectives and selecting technology that aligns with those objectives.
• E-Commerce Presence Map: A planning framework identifying four presence types: websites (search, display, apps), email (newsletters, promotions), social media (engagement, sharing), and offline media (branding, exposure).
• Strategic Role of Map: Ensures no channel is overlooked; aligns resources to where target audiences engage; supports omnichannel consistency and coherent brand messaging.
• Phased Timeline: A milestone-based project timeline decomposes the complex initiative into manageable, measurable stages, reducing risk and enabling iterative improvement.
• Critical Evaluation: Successful e-commerce presence requires ongoing management beyond launch — continuous performance measurement, A/B testing, algorithm adaptation; resource constraints often force prioritisation decisions that leave opportunities unexploited.",,biilding an effective e - commerce presence is multi a - dimensional strategic challenge that extends far beyond website building. the two most critical management challenges are developing a clear understanding lf bysiness objectives and selecting technology that aligns with those objectives. without objective clarity technology decisions lack strategic direction. the ecommerce presence map provides a compreension framework identifying four types of presence websites via traditional mobile and tablet platforms enabling shearch display applications and affiliate activities email leveraging internal and purchased for lists newsletters updates promotions and a complex initiative with clear milestones transforms into manageable measurable steps reducing risk and enabling iterative improvement. in essence a successful to - commerce presence requires ongoing magnament beyond launch continuous performance mesaurement consumer behavior analysis a b testing and adaptation to platform algorithm changes especially social for media . localizated responsiveness of the market different through,building an effective e-commerce presence is a multidimensional strategic challenge that extends well beyond website creation. the two most critical management challenges are developing a clear understanding of business objectives and selecting technology that aligns with those objectives. without objective clarity technology decisions lack strategic direction. the e-commerce presence map provides a comprehensive framework identifying four presence types websites across traditional mobile and tablet platforms enabling search display apps and affiliate activities email leveraging internal and purchased lists for newsletters updates and promotions social media facebook twitter blogs for conversation engagement sharing and advice and offline media print and tv for education exposure and branding . each presence type serves distinct marketing functions and should be integrated coherently. a phased timeline with clear milestones transforms a complex initiative into manageable measurable stages reducing risk and enabling iterative improvement. critically a successful e-commerce presence requires ongoing management beyond launch continuous performance measurement consumer behaviour analysis a b testing and adaptation to platform algorithm changes particularly for social media . furthermore resource constraints financial technical and human often force prioritisation decisions that can leave significant opportunities unexploited. businesses must also navigate the tension between centralised brand consistency and localised market responsiveness across different digital channels.,evaluate the key challenges a business must address when building an e-commerce presence including the role of the e-commerce presence map.
